<?xml version="1.0" encoding="ISO-8859-1"?>
<!--Arbortext, Inc., 1988-2008, v.4002-->
<!DOCTYPE SoftwarePackage SYSTEM "/opt/ericsson/nms_smo_srv/etc/smo_softwarepackage.dtd">
<!-- (C) Copyright Ericsson AB, 2015 The copyright to the computer program(s) 
		herein is the property of Ericsson AB, Sweden. The program(s) may be used 
		and/or copied only with the written permission from Ericsson AB or in accordance 
		with the terms and conditions stipulated in the agreement/contract under 
		which the program(s) have been supplied. Default Erlang-template for generation 
		of smoinfo.xml to a CPP Software Package. The template is valid for import CPP based 
		Integration Basic Package for LTE Standard.
		This template file is a part of the document 202/15519-HSD10102/5 rev A -->
<?PubCaret?>
<SoftwarePackage>
<ProductData Description="Integration (HSI) Basic Package file for Macro RBS(DUS) CXP9027840/23 R21BD." Name="LTE RAN RBS" Number="AP_CXP9027840/23" ReleaseDate="20150714" Revision="R21BD" Type="basic"/>
<AssociatedUpgradePackage>
	<ProductData Description="Upgrade Package file for RBS CXP102051/23 R21BD." Name="LRAN RBS" Number="AP_CXP102051/23" ReleaseDate="20150714" Revision="R21BD" Type="upgrade"/>
</AssociatedUpgradePackage>
	<NodeType>
		<NodePlatform Type="CPP"/> 
		<NodeFunction> 
			<ERBS/> 
		</NodeFunction>
	</NodeType>
	<CommonScriptParams> 
		<JobParams>
			<Parameter Name="SMO_UPGRADE_CONTROL_FILE"> 
				<Enum Prompt="The name of upgrade control file" Value="AP_CXP102051%23_R21BD.xml">
<Item>AP_CXP102051%23_R21BD.xml</Item>
				</Enum>
			</Parameter>
		</JobParams>
	</CommonScriptParams>
	<Activity Name="Installation">
		<Startup>
			<Immediate Default="true"/>
			<Manual/>
			<Scheduled/>
		</Startup>
	</Activity>
	<Activity Name="Verify Initial Software Installation">
		<Startup>
		<Immediate Default="true"/>
			<Manual/>
			<Scheduled/>
		</Startup>
	</Activity>
	<Activity Name="Initial Software Installation">
		<Startup>
		<Immediate Default="true"/>
			<Manual/>
			<Scheduled/>
		</Startup>
		<JobParams>
			<Parameter Name="SMO_ISI_REBOOT">
			<Boolean Prompt="Reboot node Initial Software Installation?" Value="true"/>
			</Parameter>
		</JobParams>
	</Activity>
	<Activity Name="Confirm ISI">
		<Startup>
		<Immediate Default="true"/>
		<Manual/>
		<Scheduled/>
		</Startup>
	</Activity>
</SoftwarePackage>