<?xml version="1.0" encoding="ISO-8859-1" ?>
<!--
# =======================================================
#
# Copyright (c) Ericsson AB 2017 All rights reserved
# 
# Generated by gupmaker.escript@@/main/29
#
# =======================================================
# Included data files
#   1/19202-CXP102194/1 Rev PA1 2017-01-30T13:01:22 	HW_compatibility_TIGER_1_19202_CXP102194_1.xml
#   1/192 02-CXA 110 6900/1 Rev G 2016-12-22 	HWModelBaseline.xml
#   1/19202-CNX9013421 Rev PA3 2016-03-14 	HW_compatibility.xml
#   1/19202-CXP102201/1 Rev PA1 2017-01-23T10:49:16 	HW_compatibility_MTIGER_1_19202_CXP102201_1.xml
# =======================================================
-->

<configuration type="MSRBS-UP">
  <product name="BASEBAND" id="CXP9024418_6" version="R5B17" />
  <date>2017-02-17T19:21:19</date>
  <description>N/A</description>
  <type>RadioNode</type>
  <release>17Q1</release>
  <framework>
    <product name="RCPI" id="CXS101547" version="R8X" />
    <product name="RYT" id="RYT139652_1" version="R1A" />
  </framework>
  <contentinfo>
    <product name="RRUL11" id="CXP9017392_1Z2" version="R6ED" filename="g2_rrul_app-CXP9017392_1Z2-R6ED.cxp" />
    <product name="RRUL82B41E" id="CXP9025219_4" version="R1AK" filename="g2_rrul82b41e_app-CXP9025219_4-R1AK.cxp" />
    <product name="RUS5" id="CXP9024578_9" version="R65DK" filename="g2_rus5_app-CXP9024578_9-R65DK.cxp" />
    <product name="RRU2216B40A" id="CXP9026768_4" version="R1AB" filename="g2_rru2216b40a_app-CXP9026768_4-R1AB.cxp" />
    <product name="RRUL62B38" id="CXP9019879_4" version="R6N" filename="g2_rrul62b38_app-CXP9019879_4-R6N.cxp" />
    <product name="TN-DUSG2-HAL" id="CXP2020154_1" version="R3A214" filename="TN-DUSG2-HAL_CXP2020154_1-R3A214.cxp" />
    <product name="SyncDusg2" id="CXP2020001_1" version="R5B01" filename="SYNC-DUSG2_CXP2020001_1-R5B01.cxp" />
    <product name="RRU2218B40U" id="CXP9029033_4" version="R1J" filename="g2_rru2218b40u_app-CXP9029033_4-R1J.cxp" />
    <product name="RRU2208B41E" id="CXP9026769_4" version="R1AD" filename="g2_rru2208b41e_app-CXP9026769_4-R1AD.cxp" />
    <product name="RRU22LMC" id="CXP9025120_1Z2" version="R1AK" filename="g2_rru22_app-CXP9025120_1Z2-R1AK.cxp" />
    <product name="EMGUI" id="CXP9026393_1" version="R5J" filename="EMGUI_CXP9026393_1.cxp" />
    <product name="FRUDESCRIPTIONFILEDU" id="CXP2020063_1" version="R3A10" filename="FRUDESCRIPTIONFILEDU_CXP2020063_1-R3A10.cxp" />
    <product name="GRAT" id="CXP2020025_1" version="R3B02" filename="GRAT_CXP2020025_1-R3B02.cxp" />
    <product name="3PPOSSASN1-ARM" id="CXP9024079_3" version="R1AD" filename="CXP9024079_3-R1AD.cxp" />
    <product name="RRUL62B40" id="CXP9019880_4" version="R6Z" filename="g2_rrul62b40_app-CXP9019880_4-R6Z.cxp" />
    <product name="RBSRASSECTOR" id="CXP2020087_1" version="R3A12" filename="RBSRASSECTOR_CXP2020087_1-R3A12.cxp" />
    <product name="COBRA" id="CXP102171_1" version="R43A01" filename="COBRA_CXP102171_1.cxp" />
    <product name="IELL-ARM" id="CXP2020146_1" version="R5B02" filename="IELL-ARM_CXP2020146_1-R5B02.cxp" />
    <product name="RRUL81B38" id="CXP9019797_4" version="R7M" filename="g2_rrul81b38_app-CXP9019797_4-R7M.cxp" />
    <product name="RIR5" id="CXP9028337_1" version="R56AA" filename="g2_rir5_app-CXP9028337_1-R56AA.cxp" />
    <product name="XRUS" id="CXP9024578_6" version="R65DK" filename="g2_xrus_app-CXP9024578_6-R65DK.cxp" />
    <product name="EMCLITOOL" id="CXP9024020_1" version="R2E" filename="EMCLITOOL_CXP9024020_1.cxp" />
    <product name="AIS_SFA-ARM" id="CXP2020043_1" version="R5A10" filename="AIS_SFA-ARM_CXP2020043_1-R5A10.cxp" />
    <product name="MOFWK_ARM" id="CXP2020255_29" version="R2A10" filename="MOFWK_ARM-CXP2020255_29.cxp" />
    <product name="WRAT" id="CXP2020026_1" version="R3A211" filename="CXP2020026_1-R3A211.cxp" />
    <product name="RBSULSA" id="CXP2020094_1" version="R3A21" filename="RBSULSA_CXP2020094_1-R3A21.cxp" />
    <product name="MOFWK_ARM" id="CXP2020255_30" version="R2A10" filename="MOFWK_ARM-CXP2020255_30.cxp" />
    <product name="Baseband_MOMCPI" id="CXP2020013_1" version="R5B04" filename="Baseband_MOMCPI_CXP2020013_1.cxp" />
    <product name="RICM" id="CXP2020150_1" version="R5B03" filename="RICM_CXP2020150_1-R5B03.cxp" />
    <product name="RRUL81B39" id="CXP9021507_4" version="R6M" filename="g2_rrul81b39_app-CXP9021507_4-R6M.cxp" />
    <product name="AIS_SFA-ARM" id="CXP2020272_1" version="R1A06" filename="AIS_SFA-ARM_CXP2020272_1-R1A06.cxp" />
    <product name="sysConstHandlerLmC" id="CXP2020136_1" version="R3A17" filename="sysConstHandlerLmC_CXP2020136_1-R3A17.cxp" />
    <product name="TRUS5" id="CXP9024578_13" version="R65DK" filename="g2_trus5_app-CXP9024578_13-R65DK.cxp" />
    <product name="RRU8808" id="CXP9027957_4" version="R2L" filename="g2_rru8808_app-CXP9027957_4-R2L.cxp" />
    <product name="RRU22F1LMC" id="CXP9026642_1Z2" version="R1T" filename="g2_rru22f1_app-CXP9026642_1Z2-R1T.cxp" />
    <product name="AIS_GFF-ARM" id="CXP2020039_1" version="R5A05" filename="AIS_GFF-ARM_CXP2020039_1-R5A05.cxp" />
    <product name="AIS_PMFWK-ARM" id="CXP2020041_1" version="R5A21" filename="AIS_PMFWK-ARM_CXP2020041_1-R5A21.cxp" />
    <product name="RUS5X" id="CXP9024578_12" version="R65DK" filename="g2_rus5x_app-CXP9024578_12-R65DK.cxp" />
    <product name="RBSCRA" id="CXP2020079_1" version="R3A11" filename="RBSCRA_CXP2020079_1-R3A11.cxp" />
    <product name="TRUS" id="CXP9024578_10" version="R65DK" filename="g2_trus_app-CXP9024578_10-R65DK.cxp" />
    <product name="RRU44XX" id="CXP9029371_4" version="R1G" filename="g2_rru44xx_app-CXP9029371_4-R1G.cxp" />
    <product name="FRUDESCRIPTIONFILEXMU" id="CXP2020142_1" version="R3A09" filename="FRUDESCRIPTIONFILEXMU_CXP2020142_1-R3A09.cxp" />
    <product name="FRUDESCRIPTIONFILEAPC" id="CXP2020062_1" version="R5A02" filename="FRUDESCRIPTIONFILEAPC_CXP2020062_1-R5A02.cxp" />
    <product name="APC-ARM" id="CXP2020047_1" version="R3A34" filename="APC-ARM_CXP2020047_1-R3A34.cxp" />
    <product name="NGR2" id="CXP9024578_15" version="R65DK" filename="g2_ngr2_app-CXP9024578_15-R65DK.cxp" />
    <product name="RCS-DUS2" id="CXP9031275_4" version="R8X03" filename="RCS-DUS2_CXP9031275_4.cxp" />
    <product name="FRUDESCRIPTIONFILERU" id="CXP2020064_1" version="R3A13" filename="FRUDESCRIPTIONFILERU_CXP2020064_1-R3A13.cxp" />
    <product name="RCSMW-ARM" id="CXP9025546_3" version="R8X04" filename="RCSMW-ARM_CXP9025546_3.cxp" />
    <product name="TN-DUSG2" id="CXP2020152_1" version="R3A214" filename="TN-DUSG2_CXP2020152_1-R3A214.cxp" />
    <product name="AIS_ASPLAB-ARM" id="CXP2020036_1" version="R5A08" filename="AIS_ASPLAB-ARM_CXP2020036_1-R5A08.cxp" />
    <product name="BBI-BSP" id="CXP2020030_1" version="R2A01" filename="BBI-BSP_CXP2020030_1-R2A01.cxp" />
    <product name="RRU2218B42" id="CXP9027956_4" version="R1M" filename="g2_rru2218b42_app-CXP9027956_4-R1M.cxp" />
    <product name="RBSANTC" id="CXP2020076_1" version="R3A31" filename="RBSANTC_CXP2020076_1-R3A31.cxp" />
    <product name="RRU4412B40T" id="CXP9029743_4" version="R1B" filename="g2_rru4412b40t_app-CXP9029743_4-R1B.cxp" />
    <product name="RRUS31LMC" id="CXP9024021_2Z2" version="R2T" filename="g2_rrus31_app-CXP9024021_2Z2-R2T.cxp" />
    <product name="RRUS82B41" id="CXP9025220_4" version="R1AF" filename="g2_rrus82b41_app-CXP9025220_4-R1AF.cxp" />
    <product name="LRAT-BB-ARM" id="CXP9029587_27" version="R5B15" filename="CXP9029587_27-R5B15.cxp" />
    <product name="IRU" id="CXP9024578_14" version="R65DK" filename="g2_iru_app-CXP9024578_14-R65DK.cxp" />
    <product name="BBI" id="CXP2020027_1" version="R5A37" filename="BBI_CXP2020027_1-R5A37.cxp" />
    <product name="IELL-HAL" id="CXP2020148_1" version="R5B02" filename="IELL-HAL_CXP2020148_1-R5B02.cxp" />
    <product name="LRAT-RACOAM-ARM" id="CXP9029582_27" version="R7B11" filename="CXP9029582_27-R7B11.cxp" />
    <product name="XMU03-LMC" id="CXP9027802_1" version="R8KZ" filename="XMU03-LMC_CXP9027802_1-R8KZ.cxp" />
    <product name="IPT_EBCOM-ARM" id="CXP2020147_1" version="R5B02" filename="IPT_EBCOM-ARM_CXP2020147_1-R5B02.cxp" />
    <product name="RBSNC" id="CXP2020082_1" version="R3A136" filename="RBSNC_CXP2020082_1-R3A136.cxp" />
    <product name="FRUM" id="CXP2020067_1" version="R3A19" filename="FRUM_CXP2020067_1-R3A19.cxp" />
  </contentinfo>
  <hwSwCompatibility index="17Q1" />
  <boardLists>
    <boardList hwcategory="BASEBAND" hwmodel="BB521_S">
      <boardType productNumber="KDU137925/1" revision="P1-" />
      <boardType productNumber="KDU137925/1" revision="P1A/1" />
      <boardType productNumber="KDU137925/1" revision="P1D/1" />
      <boardType productNumber="KDU137925/1" revision="R4-" />
      <boardType productNumber="KDU137925/2" revision="P1-" />
      <boardType productNumber="KDU137925/2" revision="R4-" />
      <boardType productNumber="KDU137925/3" revision="R4-R7" />
      <boardType productNumber="KDU137925/3" revision="R9-" />
      <boardType productNumber="KDU137925/31" revision="R1-R7" />
      <boardType productNumber="KDU137925/31" revision="R9-" />
      <boardType productNumber="KDU137925/4" revision="R4-R7" />
      <boardType productNumber="KDU137925/4" revision="R9-" />
      <boardType productNumber="KDU137925/41" revision="R1-R7" />
      <boardType productNumber="KDU137925/41" revision="R9-" />
      <boardType productNumber="KDU137865/1" revision="R1-" />
      <boardType productNumber="KDU137865/11" revision="R1-" />
      <boardType productNumber="KDU137866/1" revision="R1-" />
      <boardType productNumber="KDU137866/11" revision="R1-" />
      <product name="RRUL11" id="CXP9017392_1Z2" version="R6ED" filename="g2_rrul_app-CXP9017392_1Z2-R6ED.cxp" />
      <product name="RRUL82B41E" id="CXP9025219_4" version="R1AK" filename="g2_rrul82b41e_app-CXP9025219_4-R1AK.cxp" />
      <product name="RUS5" id="CXP9024578_9" version="R65DK" filename="g2_rus5_app-CXP9024578_9-R65DK.cxp" />
      <product name="RRU2216B40A" id="CXP9026768_4" version="R1AB" filename="g2_rru2216b40a_app-CXP9026768_4-R1AB.cxp" />
      <product name="RRUL62B38" id="CXP9019879_4" version="R6N" filename="g2_rrul62b38_app-CXP9019879_4-R6N.cxp" />
      <product name="TN-DUSG2-HAL" id="CXP2020154_1" version="R3A214" filename="TN-DUSG2-HAL_CXP2020154_1-R3A214.cxp" />
      <product name="SyncDusg2" id="CXP2020001_1" version="R5B01" filename="SYNC-DUSG2_CXP2020001_1-R5B01.cxp" />
      <product name="RRU2218B40U" id="CXP9029033_4" version="R1J" filename="g2_rru2218b40u_app-CXP9029033_4-R1J.cxp" />
      <product name="RRU2208B41E" id="CXP9026769_4" version="R1AD" filename="g2_rru2208b41e_app-CXP9026769_4-R1AD.cxp" />
      <product name="RRU22LMC" id="CXP9025120_1Z2" version="R1AK" filename="g2_rru22_app-CXP9025120_1Z2-R1AK.cxp" />
      <product name="EMGUI" id="CXP9026393_1" version="R5J" filename="EMGUI_CXP9026393_1.cxp" />
      <product name="FRUDESCRIPTIONFILEDU" id="CXP2020063_1" version="R3A10" filename="FRUDESCRIPTIONFILEDU_CXP2020063_1-R3A10.cxp" />
      <product name="GRAT" id="CXP2020025_1" version="R3B02" filename="GRAT_CXP2020025_1-R3B02.cxp" />
      <product name="3PPOSSASN1-ARM" id="CXP9024079_3" version="R1AD" filename="CXP9024079_3-R1AD.cxp" />
      <product name="RRUL62B40" id="CXP9019880_4" version="R6Z" filename="g2_rrul62b40_app-CXP9019880_4-R6Z.cxp" />
      <product name="RBSRASSECTOR" id="CXP2020087_1" version="R3A12" filename="RBSRASSECTOR_CXP2020087_1-R3A12.cxp" />
      <product name="COBRA" id="CXP102171_1" version="R43A01" filename="COBRA_CXP102171_1.cxp" />
      <product name="IELL-ARM" id="CXP2020146_1" version="R5B02" filename="IELL-ARM_CXP2020146_1-R5B02.cxp" />
      <product name="RRUL81B38" id="CXP9019797_4" version="R7M" filename="g2_rrul81b38_app-CXP9019797_4-R7M.cxp" />
      <product name="RIR5" id="CXP9028337_1" version="R56AA" filename="g2_rir5_app-CXP9028337_1-R56AA.cxp" />
      <product name="XRUS" id="CXP9024578_6" version="R65DK" filename="g2_xrus_app-CXP9024578_6-R65DK.cxp" />
      <product name="EMCLITOOL" id="CXP9024020_1" version="R2E" filename="EMCLITOOL_CXP9024020_1.cxp" />
      <product name="AIS_SFA-ARM" id="CXP2020043_1" version="R5A10" filename="AIS_SFA-ARM_CXP2020043_1-R5A10.cxp" />
      <product name="MOFWK_ARM" id="CXP2020255_29" version="R2A10" filename="MOFWK_ARM-CXP2020255_29.cxp" />
      <product name="WRAT" id="CXP2020026_1" version="R3A211" filename="CXP2020026_1-R3A211.cxp" />
      <product name="RBSULSA" id="CXP2020094_1" version="R3A21" filename="RBSULSA_CXP2020094_1-R3A21.cxp" />
      <product name="MOFWK_ARM" id="CXP2020255_30" version="R2A10" filename="MOFWK_ARM-CXP2020255_30.cxp" />
      <product name="Baseband_MOMCPI" id="CXP2020013_1" version="R5B04" filename="Baseband_MOMCPI_CXP2020013_1.cxp" />
      <product name="RICM" id="CXP2020150_1" version="R5B03" filename="RICM_CXP2020150_1-R5B03.cxp" />
      <product name="RRUL81B39" id="CXP9021507_4" version="R6M" filename="g2_rrul81b39_app-CXP9021507_4-R6M.cxp" />
      <product name="AIS_SFA-ARM" id="CXP2020272_1" version="R1A06" filename="AIS_SFA-ARM_CXP2020272_1-R1A06.cxp" />
      <product name="sysConstHandlerLmC" id="CXP2020136_1" version="R3A17" filename="sysConstHandlerLmC_CXP2020136_1-R3A17.cxp" />
      <product name="TRUS5" id="CXP9024578_13" version="R65DK" filename="g2_trus5_app-CXP9024578_13-R65DK.cxp" />
      <product name="RRU8808" id="CXP9027957_4" version="R2L" filename="g2_rru8808_app-CXP9027957_4-R2L.cxp" />
      <product name="RRU22F1LMC" id="CXP9026642_1Z2" version="R1T" filename="g2_rru22f1_app-CXP9026642_1Z2-R1T.cxp" />
      <product name="AIS_GFF-ARM" id="CXP2020039_1" version="R5A05" filename="AIS_GFF-ARM_CXP2020039_1-R5A05.cxp" />
      <product name="AIS_PMFWK-ARM" id="CXP2020041_1" version="R5A21" filename="AIS_PMFWK-ARM_CXP2020041_1-R5A21.cxp" />
      <product name="RUS5X" id="CXP9024578_12" version="R65DK" filename="g2_rus5x_app-CXP9024578_12-R65DK.cxp" />
      <product name="RBSCRA" id="CXP2020079_1" version="R3A11" filename="RBSCRA_CXP2020079_1-R3A11.cxp" />
      <product name="TRUS" id="CXP9024578_10" version="R65DK" filename="g2_trus_app-CXP9024578_10-R65DK.cxp" />
      <product name="RRU44XX" id="CXP9029371_4" version="R1G" filename="g2_rru44xx_app-CXP9029371_4-R1G.cxp" />
      <product name="FRUDESCRIPTIONFILEXMU" id="CXP2020142_1" version="R3A09" filename="FRUDESCRIPTIONFILEXMU_CXP2020142_1-R3A09.cxp" />
      <product name="FRUDESCRIPTIONFILEAPC" id="CXP2020062_1" version="R5A02" filename="FRUDESCRIPTIONFILEAPC_CXP2020062_1-R5A02.cxp" />
      <product name="APC-ARM" id="CXP2020047_1" version="R3A34" filename="APC-ARM_CXP2020047_1-R3A34.cxp" />
      <product name="NGR2" id="CXP9024578_15" version="R65DK" filename="g2_ngr2_app-CXP9024578_15-R65DK.cxp" />
      <product name="RCS-DUS2" id="CXP9031275_4" version="R8X03" filename="RCS-DUS2_CXP9031275_4.cxp" />
      <product name="FRUDESCRIPTIONFILERU" id="CXP2020064_1" version="R3A13" filename="FRUDESCRIPTIONFILERU_CXP2020064_1-R3A13.cxp" />
      <product name="RCSMW-ARM" id="CXP9025546_3" version="R8X04" filename="RCSMW-ARM_CXP9025546_3.cxp" />
      <product name="TN-DUSG2" id="CXP2020152_1" version="R3A214" filename="TN-DUSG2_CXP2020152_1-R3A214.cxp" />
      <product name="AIS_ASPLAB-ARM" id="CXP2020036_1" version="R5A08" filename="AIS_ASPLAB-ARM_CXP2020036_1-R5A08.cxp" />
      <product name="BBI-BSP" id="CXP2020030_1" version="R2A01" filename="BBI-BSP_CXP2020030_1-R2A01.cxp" />
      <product name="RRU2218B42" id="CXP9027956_4" version="R1M" filename="g2_rru2218b42_app-CXP9027956_4-R1M.cxp" />
      <product name="RBSANTC" id="CXP2020076_1" version="R3A31" filename="RBSANTC_CXP2020076_1-R3A31.cxp" />
      <product name="RRU4412B40T" id="CXP9029743_4" version="R1B" filename="g2_rru4412b40t_app-CXP9029743_4-R1B.cxp" />
      <product name="RRUS31LMC" id="CXP9024021_2Z2" version="R2T" filename="g2_rrus31_app-CXP9024021_2Z2-R2T.cxp" />
      <product name="RRUS82B41" id="CXP9025220_4" version="R1AF" filename="g2_rrus82b41_app-CXP9025220_4-R1AF.cxp" />
      <product name="LRAT-BB-ARM" id="CXP9029587_27" version="R5B15" filename="CXP9029587_27-R5B15.cxp" />
      <product name="IRU" id="CXP9024578_14" version="R65DK" filename="g2_iru_app-CXP9024578_14-R65DK.cxp" />
      <product name="BBI" id="CXP2020027_1" version="R5A37" filename="BBI_CXP2020027_1-R5A37.cxp" />
      <product name="IELL-HAL" id="CXP2020148_1" version="R5B02" filename="IELL-HAL_CXP2020148_1-R5B02.cxp" />
      <product name="LRAT-RACOAM-ARM" id="CXP9029582_27" version="R7B11" filename="CXP9029582_27-R7B11.cxp" />
      <product name="XMU03-LMC" id="CXP9027802_1" version="R8KZ" filename="XMU03-LMC_CXP9027802_1-R8KZ.cxp" />
      <product name="IPT_EBCOM-ARM" id="CXP2020147_1" version="R5B02" filename="IPT_EBCOM-ARM_CXP2020147_1-R5B02.cxp" />
      <product name="RBSNC" id="CXP2020082_1" version="R3A136" filename="RBSNC_CXP2020082_1-R3A136.cxp" />
      <product name="FRUM" id="CXP2020067_1" version="R3A19" filename="FRUM_CXP2020067_1-R3A19.cxp" />
    </boardList>
    <boardList hwcategory="BASEBAND" hwmodel="BB662_3">
      <boardType productNumber="KDU137847/1" revision="P1-" />
      <boardType productNumber="KDU137848/1" revision="P1-" />
      <product name="RRUL11" id="CXP9017392_1Z2" version="R6ED" filename="g2_rrul_app-CXP9017392_1Z2-R6ED.cxp" />
      <product name="RRUL82B41E" id="CXP9025219_4" version="R1AK" filename="g2_rrul82b41e_app-CXP9025219_4-R1AK.cxp" />
      <product name="RUS5" id="CXP9024578_9" version="R65DK" filename="g2_rus5_app-CXP9024578_9-R65DK.cxp" />
      <product name="RRU2216B40A" id="CXP9026768_4" version="R1AB" filename="g2_rru2216b40a_app-CXP9026768_4-R1AB.cxp" />
      <product name="RRUL62B38" id="CXP9019879_4" version="R6N" filename="g2_rrul62b38_app-CXP9019879_4-R6N.cxp" />
      <product name="TN-DUSG2-HAL" id="CXP2020154_1" version="R3A214" filename="TN-DUSG2-HAL_CXP2020154_1-R3A214.cxp" />
      <product name="SyncDusg2" id="CXP2020001_1" version="R5B01" filename="SYNC-DUSG2_CXP2020001_1-R5B01.cxp" />
      <product name="RRU2218B40U" id="CXP9029033_4" version="R1J" filename="g2_rru2218b40u_app-CXP9029033_4-R1J.cxp" />
      <product name="RRU2208B41E" id="CXP9026769_4" version="R1AD" filename="g2_rru2208b41e_app-CXP9026769_4-R1AD.cxp" />
      <product name="RRU22LMC" id="CXP9025120_1Z2" version="R1AK" filename="g2_rru22_app-CXP9025120_1Z2-R1AK.cxp" />
      <product name="EMGUI" id="CXP9026393_1" version="R5J" filename="EMGUI_CXP9026393_1.cxp" />
      <product name="FRUDESCRIPTIONFILEDU" id="CXP2020063_1" version="R3A10" filename="FRUDESCRIPTIONFILEDU_CXP2020063_1-R3A10.cxp" />
      <product name="GRAT" id="CXP2020025_1" version="R3B02" filename="GRAT_CXP2020025_1-R3B02.cxp" />
      <product name="3PPOSSASN1-ARM" id="CXP9024079_3" version="R1AD" filename="CXP9024079_3-R1AD.cxp" />
      <product name="RRUL62B40" id="CXP9019880_4" version="R6Z" filename="g2_rrul62b40_app-CXP9019880_4-R6Z.cxp" />
      <product name="RBSRASSECTOR" id="CXP2020087_1" version="R3A12" filename="RBSRASSECTOR_CXP2020087_1-R3A12.cxp" />
      <product name="COBRA" id="CXP102171_1" version="R43A01" filename="COBRA_CXP102171_1.cxp" />
      <product name="IELL-ARM" id="CXP2020146_1" version="R5B02" filename="IELL-ARM_CXP2020146_1-R5B02.cxp" />
      <product name="RRUL81B38" id="CXP9019797_4" version="R7M" filename="g2_rrul81b38_app-CXP9019797_4-R7M.cxp" />
      <product name="RIR5" id="CXP9028337_1" version="R56AA" filename="g2_rir5_app-CXP9028337_1-R56AA.cxp" />
      <product name="XRUS" id="CXP9024578_6" version="R65DK" filename="g2_xrus_app-CXP9024578_6-R65DK.cxp" />
      <product name="EMCLITOOL" id="CXP9024020_1" version="R2E" filename="EMCLITOOL_CXP9024020_1.cxp" />
      <product name="AIS_SFA-ARM" id="CXP2020043_1" version="R5A10" filename="AIS_SFA-ARM_CXP2020043_1-R5A10.cxp" />
      <product name="MOFWK_ARM" id="CXP2020255_29" version="R2A10" filename="MOFWK_ARM-CXP2020255_29.cxp" />
      <product name="WRAT" id="CXP2020026_1" version="R3A211" filename="CXP2020026_1-R3A211.cxp" />
      <product name="RBSULSA" id="CXP2020094_1" version="R3A21" filename="RBSULSA_CXP2020094_1-R3A21.cxp" />
      <product name="MOFWK_ARM" id="CXP2020255_30" version="R2A10" filename="MOFWK_ARM-CXP2020255_30.cxp" />
      <product name="Baseband_MOMCPI" id="CXP2020013_1" version="R5B04" filename="Baseband_MOMCPI_CXP2020013_1.cxp" />
      <product name="RICM" id="CXP2020150_1" version="R5B03" filename="RICM_CXP2020150_1-R5B03.cxp" />
      <product name="RRUL81B39" id="CXP9021507_4" version="R6M" filename="g2_rrul81b39_app-CXP9021507_4-R6M.cxp" />
      <product name="AIS_SFA-ARM" id="CXP2020272_1" version="R1A06" filename="AIS_SFA-ARM_CXP2020272_1-R1A06.cxp" />
      <product name="sysConstHandlerLmC" id="CXP2020136_1" version="R3A17" filename="sysConstHandlerLmC_CXP2020136_1-R3A17.cxp" />
      <product name="TRUS5" id="CXP9024578_13" version="R65DK" filename="g2_trus5_app-CXP9024578_13-R65DK.cxp" />
      <product name="TIGER" id="CXP102194_1" version="R12A01" filename="TIGER_CXP102194_1.cxp" />
      <product name="RRU8808" id="CXP9027957_4" version="R2L" filename="g2_rru8808_app-CXP9027957_4-R2L.cxp" />
      <product name="RRU22F1LMC" id="CXP9026642_1Z2" version="R1T" filename="g2_rru22f1_app-CXP9026642_1Z2-R1T.cxp" />
      <product name="AIS_GFF-ARM" id="CXP2020039_1" version="R5A05" filename="AIS_GFF-ARM_CXP2020039_1-R5A05.cxp" />
      <product name="AIS_PMFWK-ARM" id="CXP2020041_1" version="R5A21" filename="AIS_PMFWK-ARM_CXP2020041_1-R5A21.cxp" />
      <product name="RUS5X" id="CXP9024578_12" version="R65DK" filename="g2_rus5x_app-CXP9024578_12-R65DK.cxp" />
      <product name="RBSCRA" id="CXP2020079_1" version="R3A11" filename="RBSCRA_CXP2020079_1-R3A11.cxp" />
      <product name="RCSEE-DUS3" id="CXP9025317_6" version="R8X03" filename="RCSEE-DUS3_CXP9025317_6.cxp" />
      <product name="TRUS" id="CXP9024578_10" version="R65DK" filename="g2_trus_app-CXP9024578_10-R65DK.cxp" />
      <product name="RRU44XX" id="CXP9029371_4" version="R1G" filename="g2_rru44xx_app-CXP9029371_4-R1G.cxp" />
      <product name="FRUDESCRIPTIONFILEXMU" id="CXP2020142_1" version="R3A09" filename="FRUDESCRIPTIONFILEXMU_CXP2020142_1-R3A09.cxp" />
      <product name="FRUDESCRIPTIONFILEAPC" id="CXP2020062_1" version="R5A02" filename="FRUDESCRIPTIONFILEAPC_CXP2020062_1-R5A02.cxp" />
      <product name="APC-ARM" id="CXP2020047_1" version="R3A34" filename="APC-ARM_CXP2020047_1-R3A34.cxp" />
      <product name="NGR2" id="CXP9024578_15" version="R65DK" filename="g2_ngr2_app-CXP9024578_15-R65DK.cxp" />
      <product name="FRUDESCRIPTIONFILERU" id="CXP2020064_1" version="R3A13" filename="FRUDESCRIPTIONFILERU_CXP2020064_1-R3A13.cxp" />
      <product name="RCSMW-ARM" id="CXP9025546_3" version="R8X04" filename="RCSMW-ARM_CXP9025546_3.cxp" />
      <product name="TN-DUSG2" id="CXP2020152_1" version="R3A214" filename="TN-DUSG2_CXP2020152_1-R3A214.cxp" />
      <product name="AIS_ASPLAB-ARM" id="CXP2020036_1" version="R5A08" filename="AIS_ASPLAB-ARM_CXP2020036_1-R5A08.cxp" />
      <product name="BBI-BSP" id="CXP2020030_1" version="R2A01" filename="BBI-BSP_CXP2020030_1-R2A01.cxp" />
      <product name="RRU2218B42" id="CXP9027956_4" version="R1M" filename="g2_rru2218b42_app-CXP9027956_4-R1M.cxp" />
      <product name="RBSANTC" id="CXP2020076_1" version="R3A31" filename="RBSANTC_CXP2020076_1-R3A31.cxp" />
      <product name="RRU4412B40T" id="CXP9029743_4" version="R1B" filename="g2_rru4412b40t_app-CXP9029743_4-R1B.cxp" />
      <product name="RRUS31LMC" id="CXP9024021_2Z2" version="R2T" filename="g2_rrus31_app-CXP9024021_2Z2-R2T.cxp" />
      <product name="RRUS82B41" id="CXP9025220_4" version="R1AF" filename="g2_rrus82b41_app-CXP9025220_4-R1AF.cxp" />
      <product name="LRAT-BB-ARM" id="CXP9029587_27" version="R5B15" filename="CXP9029587_27-R5B15.cxp" />
      <product name="IRU" id="CXP9024578_14" version="R65DK" filename="g2_iru_app-CXP9024578_14-R65DK.cxp" />
      <product name="BBI" id="CXP2020027_1" version="R5A37" filename="BBI_CXP2020027_1-R5A37.cxp" />
      <product name="IELL-HAL" id="CXP2020148_1" version="R5B02" filename="IELL-HAL_CXP2020148_1-R5B02.cxp" />
      <product name="LRAT-RACOAM-ARM" id="CXP9029582_27" version="R7B11" filename="CXP9029582_27-R7B11.cxp" />
      <product name="XMU03-LMC" id="CXP9027802_1" version="R8KZ" filename="XMU03-LMC_CXP9027802_1-R8KZ.cxp" />
      <product name="IPT_EBCOM-ARM" id="CXP2020147_1" version="R5B02" filename="IPT_EBCOM-ARM_CXP2020147_1-R5B02.cxp" />
      <product name="RBSNC" id="CXP2020082_1" version="R3A136" filename="RBSNC_CXP2020082_1-R3A136.cxp" />
      <product name="FRUM" id="CXP2020067_1" version="R3A19" filename="FRUM_CXP2020067_1-R3A19.cxp" />
    </boardList>
    <boardList hwcategory="BASEBAND" hwmodel="BB6502_6303">
      <boardType productNumber="KDU137974/1" revision="P1-" />
      <boardType productNumber="KDU137974/1" revision="R1-" />
      <boardType productNumber="KDU137974/11" revision="P1-" />
      <boardType productNumber="KDU137974/11" revision="R1-" />
      <boardType productNumber="KDU137862/1" revision="P1-" />
      <boardType productNumber="KDU137862/1" revision="R1-" />
      <boardType productNumber="KDU137862/11" revision="P1-" />
      <boardType productNumber="KDU137862/11" revision="R1-" />
      <product name="RRUL11" id="CXP9017392_1Z2" version="R6ED" filename="g2_rrul_app-CXP9017392_1Z2-R6ED.cxp" />
      <product name="RRUL82B41E" id="CXP9025219_4" version="R1AK" filename="g2_rrul82b41e_app-CXP9025219_4-R1AK.cxp" />
      <product name="RUS5" id="CXP9024578_9" version="R65DK" filename="g2_rus5_app-CXP9024578_9-R65DK.cxp" />
      <product name="RRU2216B40A" id="CXP9026768_4" version="R1AB" filename="g2_rru2216b40a_app-CXP9026768_4-R1AB.cxp" />
      <product name="RRUL62B38" id="CXP9019879_4" version="R6N" filename="g2_rrul62b38_app-CXP9019879_4-R6N.cxp" />
      <product name="TN-DUSG2-HAL" id="CXP2020154_1" version="R3A214" filename="TN-DUSG2-HAL_CXP2020154_1-R3A214.cxp" />
      <product name="SyncDusg2" id="CXP2020001_1" version="R5B01" filename="SYNC-DUSG2_CXP2020001_1-R5B01.cxp" />
      <product name="RRU2218B40U" id="CXP9029033_4" version="R1J" filename="g2_rru2218b40u_app-CXP9029033_4-R1J.cxp" />
      <product name="RRU2208B41E" id="CXP9026769_4" version="R1AD" filename="g2_rru2208b41e_app-CXP9026769_4-R1AD.cxp" />
      <product name="RRU22LMC" id="CXP9025120_1Z2" version="R1AK" filename="g2_rru22_app-CXP9025120_1Z2-R1AK.cxp" />
      <product name="EMGUI" id="CXP9026393_1" version="R5J" filename="EMGUI_CXP9026393_1.cxp" />
      <product name="FRUDESCRIPTIONFILEDU" id="CXP2020063_1" version="R3A10" filename="FRUDESCRIPTIONFILEDU_CXP2020063_1-R3A10.cxp" />
      <product name="GRAT" id="CXP2020025_1" version="R3B02" filename="GRAT_CXP2020025_1-R3B02.cxp" />
      <product name="3PPOSSASN1-ARM" id="CXP9024079_3" version="R1AD" filename="CXP9024079_3-R1AD.cxp" />
      <product name="RRUL62B40" id="CXP9019880_4" version="R6Z" filename="g2_rrul62b40_app-CXP9019880_4-R6Z.cxp" />
      <product name="RBSRASSECTOR" id="CXP2020087_1" version="R3A12" filename="RBSRASSECTOR_CXP2020087_1-R3A12.cxp" />
      <product name="COBRA" id="CXP102171_1" version="R43A01" filename="COBRA_CXP102171_1.cxp" />
      <product name="IELL-ARM" id="CXP2020146_1" version="R5B02" filename="IELL-ARM_CXP2020146_1-R5B02.cxp" />
      <product name="RRUL81B38" id="CXP9019797_4" version="R7M" filename="g2_rrul81b38_app-CXP9019797_4-R7M.cxp" />
      <product name="RIR5" id="CXP9028337_1" version="R56AA" filename="g2_rir5_app-CXP9028337_1-R56AA.cxp" />
      <product name="XRUS" id="CXP9024578_6" version="R65DK" filename="g2_xrus_app-CXP9024578_6-R65DK.cxp" />
      <product name="EMCLITOOL" id="CXP9024020_1" version="R2E" filename="EMCLITOOL_CXP9024020_1.cxp" />
      <product name="AIS_SFA-ARM" id="CXP2020043_1" version="R5A10" filename="AIS_SFA-ARM_CXP2020043_1-R5A10.cxp" />
      <product name="MOFWK_ARM" id="CXP2020255_29" version="R2A10" filename="MOFWK_ARM-CXP2020255_29.cxp" />
      <product name="WRAT" id="CXP2020026_1" version="R3A211" filename="CXP2020026_1-R3A211.cxp" />
      <product name="RBSULSA" id="CXP2020094_1" version="R3A21" filename="RBSULSA_CXP2020094_1-R3A21.cxp" />
      <product name="MOFWK_ARM" id="CXP2020255_30" version="R2A10" filename="MOFWK_ARM-CXP2020255_30.cxp" />
      <product name="Baseband_MOMCPI" id="CXP2020013_1" version="R5B04" filename="Baseband_MOMCPI_CXP2020013_1.cxp" />
      <product name="RICM" id="CXP2020150_1" version="R5B03" filename="RICM_CXP2020150_1-R5B03.cxp" />
      <product name="RRUL81B39" id="CXP9021507_4" version="R6M" filename="g2_rrul81b39_app-CXP9021507_4-R6M.cxp" />
      <product name="AIS_SFA-ARM" id="CXP2020272_1" version="R1A06" filename="AIS_SFA-ARM_CXP2020272_1-R1A06.cxp" />
      <product name="sysConstHandlerLmC" id="CXP2020136_1" version="R3A17" filename="sysConstHandlerLmC_CXP2020136_1-R3A17.cxp" />
      <product name="TRUS5" id="CXP9024578_13" version="R65DK" filename="g2_trus5_app-CXP9024578_13-R65DK.cxp" />
      <product name="RRU8808" id="CXP9027957_4" version="R2L" filename="g2_rru8808_app-CXP9027957_4-R2L.cxp" />
      <product name="MTIGER" id="CXP102201_1" version="R5B01" filename="MTIGER_CXP102201_1.cxp" />
      <product name="RRU22F1LMC" id="CXP9026642_1Z2" version="R1T" filename="g2_rru22f1_app-CXP9026642_1Z2-R1T.cxp" />
      <product name="AIS_GFF-ARM" id="CXP2020039_1" version="R5A05" filename="AIS_GFF-ARM_CXP2020039_1-R5A05.cxp" />
      <product name="AIS_PMFWK-ARM" id="CXP2020041_1" version="R5A21" filename="AIS_PMFWK-ARM_CXP2020041_1-R5A21.cxp" />
      <product name="RUS5X" id="CXP9024578_12" version="R65DK" filename="g2_rus5x_app-CXP9024578_12-R65DK.cxp" />
      <product name="RBSCRA" id="CXP2020079_1" version="R3A11" filename="RBSCRA_CXP2020079_1-R3A11.cxp" />
      <product name="RCSEE-DUS3" id="CXP9025317_6" version="R8X03" filename="RCSEE-DUS3_CXP9025317_6.cxp" />
      <product name="TRUS" id="CXP9024578_10" version="R65DK" filename="g2_trus_app-CXP9024578_10-R65DK.cxp" />
      <product name="RRU44XX" id="CXP9029371_4" version="R1G" filename="g2_rru44xx_app-CXP9029371_4-R1G.cxp" />
      <product name="FRUDESCRIPTIONFILEXMU" id="CXP2020142_1" version="R3A09" filename="FRUDESCRIPTIONFILEXMU_CXP2020142_1-R3A09.cxp" />
      <product name="FRUDESCRIPTIONFILEAPC" id="CXP2020062_1" version="R5A02" filename="FRUDESCRIPTIONFILEAPC_CXP2020062_1-R5A02.cxp" />
      <product name="APC-ARM" id="CXP2020047_1" version="R3A34" filename="APC-ARM_CXP2020047_1-R3A34.cxp" />
      <product name="NGR2" id="CXP9024578_15" version="R65DK" filename="g2_ngr2_app-CXP9024578_15-R65DK.cxp" />
      <product name="FRUDESCRIPTIONFILERU" id="CXP2020064_1" version="R3A13" filename="FRUDESCRIPTIONFILERU_CXP2020064_1-R3A13.cxp" />
      <product name="RCSMW-ARM" id="CXP9025546_3" version="R8X04" filename="RCSMW-ARM_CXP9025546_3.cxp" />
      <product name="TN-DUSG2" id="CXP2020152_1" version="R3A214" filename="TN-DUSG2_CXP2020152_1-R3A214.cxp" />
      <product name="AIS_ASPLAB-ARM" id="CXP2020036_1" version="R5A08" filename="AIS_ASPLAB-ARM_CXP2020036_1-R5A08.cxp" />
      <product name="BBI-BSP" id="CXP2020030_1" version="R2A01" filename="BBI-BSP_CXP2020030_1-R2A01.cxp" />
      <product name="RRU2218B42" id="CXP9027956_4" version="R1M" filename="g2_rru2218b42_app-CXP9027956_4-R1M.cxp" />
      <product name="RBSANTC" id="CXP2020076_1" version="R3A31" filename="RBSANTC_CXP2020076_1-R3A31.cxp" />
      <product name="RRU4412B40T" id="CXP9029743_4" version="R1B" filename="g2_rru4412b40t_app-CXP9029743_4-R1B.cxp" />
      <product name="RRUS31LMC" id="CXP9024021_2Z2" version="R2T" filename="g2_rrus31_app-CXP9024021_2Z2-R2T.cxp" />
      <product name="RRUS82B41" id="CXP9025220_4" version="R1AF" filename="g2_rrus82b41_app-CXP9025220_4-R1AF.cxp" />
      <product name="LRAT-BB-ARM" id="CXP9029587_27" version="R5B15" filename="CXP9029587_27-R5B15.cxp" />
      <product name="IRU" id="CXP9024578_14" version="R65DK" filename="g2_iru_app-CXP9024578_14-R65DK.cxp" />
      <product name="BBI" id="CXP2020027_1" version="R5A37" filename="BBI_CXP2020027_1-R5A37.cxp" />
      <product name="IELL-HAL" id="CXP2020148_1" version="R5B02" filename="IELL-HAL_CXP2020148_1-R5B02.cxp" />
      <product name="LRAT-RACOAM-ARM" id="CXP9029582_27" version="R7B11" filename="CXP9029582_27-R7B11.cxp" />
      <product name="XMU03-LMC" id="CXP9027802_1" version="R8KZ" filename="XMU03-LMC_CXP9027802_1-R8KZ.cxp" />
      <product name="IPT_EBCOM-ARM" id="CXP2020147_1" version="R5B02" filename="IPT_EBCOM-ARM_CXP2020147_1-R5B02.cxp" />
      <product name="RBSNC" id="CXP2020082_1" version="R3A136" filename="RBSNC_CXP2020082_1-R3A136.cxp" />
      <product name="FRUM" id="CXP2020067_1" version="R3A19" filename="FRUM_CXP2020067_1-R3A19.cxp" />
    </boardList>
  </boardLists>
</configuration>
