<?xml version="1.0" encoding="UTF-8"?>
<!-- Sample files are for reference only and need to be reworked to suit network configuration requirements -->
<!-- For more information about the tags in this file, refer to the ENM Auto Provisioning Online Help Center -->
<nodeInfo xmlns:xsi="http://www.w3.org/2001/XMLSchema-instance" xsi:noNamespaceSchemaLocation="NodeInfo.xsd">

    <name>Standard_ERBS_Node1</name>
    <nodeIdentifier>1998-184-092</nodeIdentifier>
    <ipAddress>10.138.2.132</ipAddress>
    <nodeType>ERBS</nodeType>
    <hardwareSerialNumber>SCB12345679</hardwareSerialNumber>
    <ossPrefix>SubNetwork=EnmSn,MeContext=Standard_ERBS_Node1</ossPrefix>
    <timeZone>GB-Eire</timeZone>

    <autoIntegration>
        <upgradePackageName>CXP102051_1_R4D25</upgradePackageName>
        <unlockCells>true</unlockCells>
        <installLicense>true</installLicense>
        <activateLicense>true</activateLicense>
        <uploadCVAfterIntegration>true</uploadCVAfterIntegration>
    </autoIntegration>

    <security>
        <minimumSecurityLevel>1</minimumSecurityLevel>
        <optimumSecurityLevel>2</optimumSecurityLevel>
        <enrollmentMode>SCEP</enrollmentMode>
        <ipSecurity>
            <ipSecLevel>CUS</ipSecLevel>
            <subjectAltNameType>IPV4</subjectAltNameType>
            <subjectAltName>1.2.3.4</subjectAltName>
        </ipSecurity>
    </security>

    <supervision>
        <fm>disabled</fm>
        <pm>disabled</pm>
        <inventory>disabled</inventory>
    </supervision>

    <artifacts>
        <siteBasic>siteBasic.xml</siteBasic>
        <siteInstallation>siteInstallation.xml</siteInstallation>
        <siteEquipment>siteEquipment.xml</siteEquipment>
        <!-- Configurations are applied in order defined in xml -->
        <configurations>
            <configuration>Bulk-CM-Configuration-file.xml</configuration>
        </configurations>
    </artifacts>
</nodeInfo>
