<?xml version="1.0" encoding="UTF-8"?>
<LicenseDataFile xmlns="http://www.ericsson.se/oss/shm/ldf/" xmlns:xsi="http://www.w3.org/2001/XMLSchema-instance" xsi:schemaLocation="http://www.ericsson.se/oss/shm/ldf/ LicenseDataFile.xsd">
<Body>
<LicenseKeyFileName>.xml</LicenseKeyFileName>
<TargetNodeType>LTE</TargetNodeType>
<Fingerprint print="LTE14dg2ERBS00091_fp"/>
<SequenceNumber>9000</SequenceNumber>
<Generated>2009-08-27T08:50:14</Generated>
<LicenseKey id="CXC4010071/4003">
<Type>CAPACITY</Type>
<Description>wran_license_for_bss</Description>
<value>16</value>
<start>2014-09-03</start>
<stop/>
</LicenseKey>
<LicenseKey id="CXC4010071/4002">
<Type>CAPACITY</Type>
<Description>wran_license_for_bss</Description>
<value>16</value>
<start>2014-09-03</start>
<stop/>
</LicenseKey>
</Body>
<Signature>default</Signature>
</LicenseDataFile>
